{"val/obj_loss":0.001090614590793848,"x/lr1":0.0010354838440848502,"best/mAP_0.5:0.95":0.9333703436067892,"best/precision":0.9586442408970554,"x/lr0":0.0010354838440848502,"_runtime":27220.206046539,"metrics/mAP_0.5":0.9834225307412581,"_timestamp":1.7317872432121456e+09,"Labels":{"filenames":["media/images/Labels_0_5703f8b1f6127599985b.jpg","media/images/Labels_0_4500dfa420c32789146c.jpg"],"captions":["labels_correlogram.jpg","labels.jpg"],"_type":"images/separated","width":2000,"height":2000,"format":"jpg","count":2},"metrics/mAP_0.5:0.95":0.9335175025415149,"train/cls_loss":0.005527398083359003,"_step":50,"val/box_loss":0.0022442780900746584,"best/epoch":49,"Mosaics":{"height":1920,"format":"jpg","count":3,"filenames":["media/images/Mosaics_0_b6231dc4d427fdad155d.jpg","media/images/Mosaics_0_8c95618d3b315fe4355e.jpg","media/images/Mosaics_0_8003444658cd5333164e.jpg"],"captions":["train_batch0.jpg","train_batch1.jpg","train_batch2.jpg"],"_type":"images/separated","width":1920},"Validation":{"height":1648,"format":"jpg","count":6,"filenames":["media/images/Validation_50_e159bd5a161dfe27c796.jpg","media/images/Validation_50_ab9615f90f4225f3c52d.jpg","media/images/Validation_50_5a1cc4a5f5c69a7b62a0.jpg","media/images/Validation_50_d624adebf17a4489eb0a.jpg","media/images/Validation_50_3667401c837d5f3d4be1.jpg","media/images/Validation_50_4c714ee5e1fc67b7927a.jpg"],"captions":["val_batch0_labels.jpg","val_batch0_pred.jpg","val_batch1_labels.jpg","val_batch1_pred.jpg","val_batch2_labels.jpg","val_batch2_pred.jpg"],"_type":"images/separated","width":1920},"x/lr2":0.0010354838440848502,"best/recall":0.9858579419232381,"_wandb":{"runtime":27220},"train/box_loss":0.01010747067630291,"Results":{"format":"png","count":6,"filenames":["media/images/Results_50_a20bb40dcd8de20c5729.png","media/images/Results_50_8c369688b4e3964e4337.png","media/images/Results_50_bd32d0237dec140a043f.png","media/images/Results_50_bfa11c8bffe0aa903cc9.png","media/images/Results_50_e2a4ee3922e5a65b14ad.png","media/images/Results_50_95b74eb6ae5ba54eac89.png"],"captions":["results.png","confusion_matrix.png","F1_curve.png","PR_curve.png","P_curve.png","R_curve.png"],"_type":"images/separated","width":2400,"height":1200},"metrics/recall":0.9858655106259965,"metrics/precision":0.9586576565639118,"best/mAP_0.5":0.9834427715408546,"train/obj_loss":0.004679164849221706,"val/cls_loss":0.0003042154712602496}