{"train/obj_loss":0.007209149654954672,"best/precision":0.6124262938895325,"val/cls_loss":0.0394037626683712,"best/recall":0.4733003296728788,"_runtime":5418.870810603,"Mosaics":{"height":1920,"format":"jpg","count":3,"filenames":["media/images/Mosaics_0_bffd3012a9a24d5cb041.jpg","media/images/Mosaics_0_b9513980cdfb22edf300.jpg","media/images/Mosaics_0_ad459814126a2e9bba1c.jpg"],"captions":["train_batch0.jpg","train_batch1.jpg","train_batch2.jpg"],"_type":"images/separated","width":1920},"x/lr2":0.00010976769428005628,"_wandb":{"runtime":5418},"Labels":{"height":2000,"format":"jpg","count":2,"filenames":["media/images/Labels_0_4eb11f8f724310c86a78.jpg","media/images/Labels_0_a7aaf1e0bdf8213f910f.jpg"],"captions":["labels_correlogram.jpg","labels.jpg"],"_type":"images/separated","width":2000},"train/box_loss":0.02849823608994484,"val/obj_loss":0.00978164654225111,"metrics/recall":0.4733003296728788,"best/mAP_0.5":0.4391275045802089,"metrics/mAP_0.5:0.95":0.361230217401172,"best/mAP_0.5:0.95":0.361230217401172,"train/cls_loss":0.04410123825073242,"x/lr1":0.00010976769428005628,"_timestamp":1.7307481502371361e+09,"Results":{"format":"png","count":1,"filenames":["media/images/Results_100_cf51b06e5dc9f2695a46.png"],"captions":["results.png"],"_type":"images/separated","width":2400,"height":1200},"metrics/precision":0.6124262938895325,"metrics/mAP_0.5":0.4391275045802089,"best/epoch":99,"x/lr0":0.00010976769428005628,"val/box_loss":0.02428669109940529,"_step":100}