{"best/epoch":99,"train/cls_loss":0.04247910901904106,"Results":{"_type":"images/separated","width":2400,"height":1200,"format":"png","count":6,"filenames":["media/images/Results_100_498275abd7d96ac4fc06.png","media/images/Results_100_98a899c362a3d0cfca1d.png","media/images/Results_100_0b15c9256906849affee.png","media/images/Results_100_2cac9623f5aa3e9eef57.png","media/images/Results_100_2f3638b1f45c4e0784b4.png","media/images/Results_100_3b341ce5b8b328a0393b.png"],"captions":["results.png","confusion_matrix.png","F1_curve.png","PR_curve.png","P_curve.png","R_curve.png"]},"_wandb":{"runtime":1182},"Mosaics":{"width":1920,"height":1920,"format":"jpg","count":3,"filenames":["media/images/Mosaics_0_92169611e021dcb9bda4.jpg","media/images/Mosaics_0_0d3e3fe83c1835fec865.jpg","media/images/Mosaics_0_037a82e4c0e26cd8df03.jpg"],"captions":["train_batch0.jpg","train_batch1.jpg","train_batch2.jpg"],"_type":"images/separated"},"val/cls_loss":0.04262644425034523,"_step":100,"val/obj_loss":0.0062878928147256374,"Labels":{"height":2000,"format":"jpg","count":2,"filenames":["media/images/Labels_0_4eb11f8f724310c86a78.jpg","media/images/Labels_0_a7aaf1e0bdf8213f910f.jpg"],"captions":["labels_correlogram.jpg","labels.jpg"],"_type":"images/separated","width":2000},"best/precision":0.5753404123484701,"x/lr1":0.00010976769428005628,"x/lr0":0.00010976769428005628,"best/mAP_0.5:0.95":0.2957116406655621,"val/box_loss":0.018460744991898537,"x/lr2":0.00010976769428005628,"metrics/precision":0.5753264089249531,"_timestamp":1.7309078791196427e+09,"metrics/mAP_0.5:0.95":0.2962289794674201,"train/obj_loss":0.0040587750263512135,"best/recall":0.4754868892292828,"best/mAP_0.5":0.3613940237634182,"train/box_loss":0.015158000402152538,"Validation":{"height":1192,"format":"jpg","count":6,"filenames":["media/images/Validation_100_8f307046b6e99e210562.jpg","media/images/Validation_100_36a4233de86e2d9b7a77.jpg","media/images/Validation_100_4cb329e58fc0cc01376f.jpg","media/images/Validation_100_1f2ef15c3930c7baa1bc.jpg","media/images/Validation_100_21d33a6e34b9ab0bd68d.jpg","media/images/Validation_100_5d2238e9b429b6f8ef0f.jpg"],"captions":["val_batch0_labels.jpg","val_batch0_pred.jpg","val_batch1_labels.jpg","val_batch1_pred.jpg","val_batch2_labels.jpg","val_batch2_pred.jpg"],"_type":"images/separated","width":1920},"_runtime":1182.319925248,"metrics/mAP_0.5":0.36190208649826694,"metrics/recall":0.4754868892292828}