{"val/cls_loss":0.07141421735286713,"val/obj_loss":0.02259652689099312,"x/lr0":0.07004424778761062,"x/lr2":0.003328416912487709,"metrics/precision":0.00015450342140404678,"metrics/mAP_0.5:0.95":2.350141612852977e-05,"Labels":{"format":"jpg","count":2,"filenames":["media/images/Labels_0_4eb11f8f724310c86a78.jpg","media/images/Labels_0_a7aaf1e0bdf8213f910f.jpg"],"captions":["labels_correlogram.jpg","labels.jpg"],"_type":"images/separated","width":2000,"height":2000},"train/box_loss":0.06422979384660721,"train/obj_loss":0.01891433075070381,"Mosaics":{"_type":"images/separated","width":640,"height":640,"format":"jpg","count":3,"filenames":["media/images/Mosaics_0_c8e733c037f8b3976db1.jpg","media/images/Mosaics_0_9c379a46a76f662920f5.jpg","media/images/Mosaics_0_3a212584f7e55819928a.jpg"],"captions":["train_batch0.jpg","train_batch1.jpg","train_batch2.jpg"]},"best/mAP_0.5":9.608761765695632e-05,"metrics/recall":0.008753501400560224,"_wandb":{"runtime":152},"x/lr1":0.003328416912487709,"Results":{"height":1200,"format":"png","count":6,"filenames":["media/images/Results_1_0fd1c4561d50e28bb10c.png","media/images/Results_1_c633764fb711b33ca2fe.png","media/images/Results_1_43ba5474a86397453436.png","media/images/Results_1_9e516b0009239cca8613.png","media/images/Results_1_c2f13dadb771cd518629.png","media/images/Results_1_ab8be1ad0eed1b64ae0a.png"],"captions":["results.png","confusion_matrix.png","F1_curve.png","PR_curve.png","P_curve.png","R_curve.png"],"_type":"images/separated","width":2400},"_runtime":152.751340484,"val/box_loss":0.06338834017515182,"best/precision":0.0001551176401777597,"best/mAP_0.5:0.95":2.3588694502650032e-05,"_step":1,"metrics/mAP_0.5":9.569512689271905e-05,"train/cls_loss":0.053076840937137604,"_timestamp":1.7307516378354166e+09,"Validation":{"width":1344,"height":832,"format":"jpg","count":6,"filenames":["media/images/Validation_1_3688c4030f97fdb24daf.jpg","media/images/Validation_1_66cae0dffce470f0828a.jpg","media/images/Validation_1_feb5a6779ee85ec97f89.jpg","media/images/Validation_1_ec89c809ec999619e965.jpg","media/images/Validation_1_e6ad80e1f85cabedb7c1.jpg","media/images/Validation_1_94bf0ef727ba5b084fa6.jpg"],"captions":["val_batch0_labels.jpg","val_batch0_pred.jpg","val_batch1_labels.jpg","val_batch1_pred.jpg","val_batch2_labels.jpg","val_batch2_pred.jpg"],"_type":"images/separated"},"best/epoch":0,"best/recall":0.008753501400560224}