{"best/mAP_0.5":0.48757639137355197,"x/lr1":0.00010976769428005628,"_runtime":2080.437403134,"Results":{"height":1200,"format":"png","count":6,"filenames":["media/images/Results_100_5649ee93c16af4f838c9.png","media/images/Results_100_9821d55c07043f57e5aa.png","media/images/Results_100_780f232d6c95cd017051.png","media/images/Results_100_d2af8001183ea905aff8.png","media/images/Results_100_6f00862843baefac9299.png","media/images/Results_100_c54c95fca40819b8dcdc.png"],"captions":["results.png","confusion_matrix.png","F1_curve.png","PR_curve.png","P_curve.png","R_curve.png"],"_type":"images/separated","width":2400},"metrics/mAP_0.5":0.4871622372226283,"val/obj_loss":0.005776087287813425,"best/mAP_0.5:0.95":0.4004440062089906,"train/obj_loss":0.003404989605769515,"train/cls_loss":0.040762465447187424,"metrics/mAP_0.5:0.95":0.40003991645289133,"Mosaics":{"height":1920,"format":"jpg","count":3,"filenames":["media/images/Mosaics_0_92169611e021dcb9bda4.jpg","media/images/Mosaics_0_0d3e3fe83c1835fec865.jpg","media/images/Mosaics_0_037a82e4c0e26cd8df03.jpg"],"captions":["train_batch0.jpg","train_batch1.jpg","train_batch2.jpg"],"_type":"images/separated","width":1920},"_step":100,"train/box_loss":0.013154515065252781,"_wandb":{"runtime":2080},"Labels":{"filenames":["media/images/Labels_0_a7aaf1e0bdf8213f910f.jpg","media/images/Labels_0_4eb11f8f724310c86a78.jpg"],"captions":["labels.jpg","labels_correlogram.jpg"],"_type":"images/separated","width":1600,"height":1600,"format":"jpg","count":2},"best/epoch":88,"_timestamp":1.7308231389321773e+09,"metrics/recall":0.6011281428980877,"x/lr0":0.00010976769428005628,"x/lr2":0.00010976769428005628,"best/recall":0.6011619194000105,"Validation":{"filenames":["media/images/Validation_100_8f307046b6e99e210562.jpg","media/images/Validation_100_3e0dc7601d4833039f8c.jpg","media/images/Validation_100_4cb329e58fc0cc01376f.jpg","media/images/Validation_100_cad960f08a64261dfc87.jpg","media/images/Validation_100_21d33a6e34b9ab0bd68d.jpg","media/images/Validation_100_ddfd71e05839a7332467.jpg"],"captions":["val_batch0_labels.jpg","val_batch0_pred.jpg","val_batch1_labels.jpg","val_batch1_pred.jpg","val_batch2_labels.jpg","val_batch2_pred.jpg"],"_type":"images/separated","width":1920,"height":1192,"format":"jpg","count":6},"val/cls_loss":0.04112282022833824,"best/precision":0.5100336641734449,"val/box_loss":0.017631614580750465,"metrics/precision":0.509264491640696}