{"best/epoch":99,"Results":{"count":6,"filenames":["media/images/Results_100_9658cd60f05e69f860cd.png","media/images/Results_100_4789408736669be48314.png","media/images/Results_100_8e6ee61c26275319f7e4.png","media/images/Results_100_814f722f008a53a6c928.png","media/images/Results_100_593b636a4c95fa4f9447.png","media/images/Results_100_2b08f39e9c61633336d2.png"],"captions":["results.png","confusion_matrix.png","F1_curve.png","PR_curve.png","P_curve.png","R_curve.png"],"_type":"images/separated","width":2400,"height":1200,"format":"png"},"_timestamp":1.7317268653179321e+09,"best/precision":0.9969194771697484,"train/box_loss":0.007030866574496031,"train/obj_loss":0.004904989153146744,"metrics/precision":0.9969648300520332,"train/cls_loss":0.01425512507557869,"Validation":{"filenames":["media/images/Validation_100_e159bd5a161dfe27c796.jpg","media/images/Validation_100_621d21cb13593c40cce3.jpg","media/images/Validation_100_c831bf944bb50f2b1999.jpg","media/images/Validation_100_f31d734307ae36f40607.jpg","media/images/Validation_100_fca15489982595b16386.jpg","media/images/Validation_100_1a05131cc84045b0d18a.jpg"],"captions":["val_batch0_labels.jpg","val_batch0_pred.jpg","val_batch1_labels.jpg","val_batch1_pred.jpg","val_batch2_labels.jpg","val_batch2_pred.jpg"],"_type":"images/separated","width":1920,"height":1648,"format":"jpg","count":6},"val/obj_loss":0.0014882087707519531,"Mosaics":{"height":1920,"format":"jpg","count":3,"filenames":["media/images/Mosaics_0_487f9758ae7ef757a078.jpg","media/images/Mosaics_0_f3833c04dc4ee1171f12.jpg","media/images/Mosaics_0_f3bdc10f83ce2c934dde.jpg"],"captions":["train_batch0.jpg","train_batch1.jpg","train_batch2.jpg"],"_type":"images/separated","width":1920},"x/lr1":0.00010976769428005628,"val/cls_loss":6.176235183374956e-05,"_wandb":{"runtime":34405},"_step":100,"metrics/mAP_0.5:0.95":0.9680460014748036,"best/recall":0.9975184112558622,"Labels":{"height":2000,"format":"jpg","count":2,"filenames":["media/images/Labels_0_5703f8b1f6127599985b.jpg","media/images/Labels_0_4500dfa420c32789146c.jpg"],"captions":["labels_correlogram.jpg","labels.jpg"],"_type":"images/separated","width":2000},"best/mAP_0.5:0.95":0.9680632450736077,"best/mAP_0.5":0.9949461472744945,"x/lr0":0.00010976769428005628,"metrics/mAP_0.5":0.9949461472744945,"x/lr2":0.00010976769428005628,"_runtime":34405.182421476,"metrics/recall":0.9975084502973568,"val/box_loss":0.0019145541591569781}