{"metrics/mAP_0.5:0.95":0.37741771419015485,"_timestamp":1.730942105565657e+09,"train/cls_loss":0.04504529386758804,"_wandb":{"runtime":2123},"Mosaics":{"_type":"images/separated","width":1920,"height":1920,"format":"jpg","count":3,"filenames":["media/images/Mosaics_0_f079c2562461d19e82fc.jpg","media/images/Mosaics_0_6ae2d0edcbfb9b36f9d6.jpg","media/images/Mosaics_0_7f8109aa219c9cfd41ca.jpg"],"captions":["train_batch0.jpg","train_batch1.jpg","train_batch2.jpg"]},"best/epoch":95,"val/box_loss":0.016629651188850403,"train/box_loss":0.013401716016232967,"val/cls_loss":0.04329787939786911,"val/obj_loss":0.006308174226433039,"train/obj_loss":0.0032980279065668583,"Results":{"_type":"images/separated","width":2400,"height":1200,"format":"png","count":6,"filenames":["media/images/Results_100_a6247983818d814cf979.png","media/images/Results_100_6ca859b52635682838aa.png","media/images/Results_100_ffe56bb651daef803061.png","media/images/Results_100_9b82adf3c639bcb72386.png","media/images/Results_100_157388f805600d01e40d.png","media/images/Results_100_53ad30ca83f539a7733c.png"],"captions":["results.png","confusion_matrix.png","F1_curve.png","PR_curve.png","P_curve.png","R_curve.png"]},"Validation":{"count":6,"filenames":["media/images/Validation_100_8f307046b6e99e210562.jpg","media/images/Validation_100_ead8dd57c22ada2677d1.jpg","media/images/Validation_100_ce486e7cbdbf523efd62.jpg","media/images/Validation_100_743a1c504db3293a1d9a.jpg","media/images/Validation_100_4cb329e58fc0cc01376f.jpg","media/images/Validation_100_872973b2b93e81f5b915.jpg"],"captions":["val_batch0_labels.jpg","val_batch0_pred.jpg","val_batch1_labels.jpg","val_batch1_pred.jpg","val_batch2_labels.jpg","val_batch2_pred.jpg"],"_type":"images/separated","width":1920,"height":1192,"format":"jpg"},"metrics/precision":0.5841894998064735,"x/lr1":0.00010976769428005628,"best/mAP_0.5":0.4593800656847532,"best/mAP_0.5:0.95":0.3775535375590386,"_step":100,"metrics/mAP_0.5":0.45895146975395384,"best/precision":0.5841236520434792,"metrics/recall":0.46496312108125315,"x/lr0":0.00010976769428005628,"_runtime":2123.327273046,"Labels":{"height":2000,"format":"jpg","count":2,"filenames":["media/images/Labels_0_4eb11f8f724310c86a78.jpg","media/images/Labels_0_a7aaf1e0bdf8213f910f.jpg"],"captions":["labels_correlogram.jpg","labels.jpg"],"_type":"images/separated","width":2000},"best/recall":0.4648241443239238,"x/lr2":0.00010976769428005628}